{"Electron_Px": {"mean": 0.8372779488563538, "sd": 36.26583480834961}, "Electron_Py": {"mean": 3.534773349761963, "sd": 34.74723815917969}, "Electron_Pz": {"mean": -0.448829710483551, "sd": 76.64656066894531}, "Electron_E": {"mean": 68.35233306884766, "sd": 61.14435577392578}, "Electron_Charge": {"mean": 0.02504817023873329, "sd": 0.9996861815452576}, "Electron_Iso": {"mean": 2.111668825149536, "sd": 2.40635347366333}}